{
  "NY": [
    "Albany",
    "Bath",
    "Bronx",
    "Brooklyn",
    "Buffalo",
    "Cohoes",
    "Conklin",
    "East Syracuse",
    "Flushing",
    "Hawthorne",
    "Holbrook",
    "Jamaica",
    "Lawrence",
    "Liverpool",
    "Manhattan",
    "Montgomery",
    "New Hyde Park",
    "New Windsor",
    "New York",
    "Queens",
    "Rensselaer",
    "Rochester",
    "Staten Island",
    "Stony Brook",
    "Syracuse",
    "The Bronx",
    "Valhalla",
    "West Henrietta",
    "Westhampton Beach",
    "White Plains",
    "Woodside"
  ],
  "NM": [
    "Albuquerque",
    "Rio Rancho"
  ],
  "LA": [
    "Alexandria",
    "Baton Rouge",
    "Covington",
    "Kenner",
    "Lafayette",
    "New Orleans",
    "Shreveport",
    "St Rose"
  ],
  "NJ": [
    "Allendale",
    "Carlstadt",
    "Carteret",
    "Clifton",
    "Edison",
    "Fairfield",
    "Fieldsboro",
    "Hanover",
    "Hoboken",
    "Kearny",
    "Linden",
    "Newark",
    "Paterson",
    "Paulsboro",
    "Perth Amboy",
    "Somerset",
    "Swedesboro",
    "Teterboro",
    "Tinton Falls",
    "Trenton"
  ],
  "PA": [
    "Allentown",
    "Altoona",
    "Bethlehem",
    "Coraopolis",
    "Elizabethtown",
    "Greater Pittsburgh Area",
    "Harrisburg",
    "Hazle Township",
    "Levittown",
    "Middletown",
    "Moon Township",
    "Mount Joy",
    "Norristown",
    "North Versailles",
    "North Versailles Township",
    "Philadelphia",
    "Pittsburgh",
    "Plymouth Meeting",
    "Sewickley"
  ],
  "OR": [
    "Aloha",
    "Bend",
    "Eugene",
    "Hillsboro",
    "Medford",
    "Portland",
    "Tualatin"
  ],
  "GA": [
    "Alpharetta",
    "Athens",
    "Atlanta",
    "Augusta",
    "Austell",
    "Buford",
    "Chamblee",
    "Columbus",
    "Cumming",
    "Doraville",
    "Ellenwood",
    "Fairburn",
    "Forest Park",
    "Hapeville",
    "Hawkinsville",
    "Lawrenceville",
    "Macon",
    "Marietta",
    "Newnan",
    "Pooler",
    "Port Wentworth",
    "Savannah",
    "Smyrna",
    "Snellville",
    "Tifton",
    "Union City"
  ],
  "TX": [
    "Amarillo",
    "Austin",
    "Balch Springs",
    "Bedford",
    "Conroe",
    "Corpus Christi",
    "Cypress",
    "Dallas",
    "Dfw Airport",
    "El Paso",
    "Forney",
    "Fort Worth",
    "Grapevine",
    "Houston",
    "Humble",
    "Irving",
    "Katy",
    "Lewisville",
    "Lubbock",
    "Odessa",
    "Paris",
    "Richardson",
    "Roanoke",
    "Round Rock",
    "San Antonio",
    "Spring",
    "Sulphur Springs",
    "Temple",
    "Tyler",
    "Waco"
  ],
  "CA": [
    "Anaheim",
    "Arcadia",
    "Azusa",
    "Bakersfield",
    "Bloomington",
    "Burbank",
    "Canyon Country",
    "Carlsbad",
    "Cathedral City",
    "Chula Vista",
    "Costa Mesa",
    "Culver City",
    "Downey",
    "Elk Grove",
    "Escondido",
    "Fremont",
    "Fresno",
    "Irvine",
    "Irwindale",
    "La Jolla",
    "La Mirada",
    "Livermore",
    "Loma Linda",
    "Long Beach",
    "Los Angeles",
    "Los Gatos",
    "March Air Reserve Base",
    "Modesto",
    "Monterey",
    "Monterey Bay",
    "Mountain View",
    "Murrieta",
    "Newport Beach",
    "Oakland",
    "Ontario",
    "Orange",
    "Oxnard",
    "Palo Alto",
    "Pasadena",
    "Pomona",
    "Poway",
    "Redlands",
    "Redondo Beach",
    "Riverside",
    "Roseville",
    "Sacramento",
    "Salinas",
    "San Diego",
    "San Francisco",
    "San Jose",
    "San Leandro",
    "San Luis Obispo",
    "San Ramon",
    "Santa Ana",
    "Santa Barbara",
    "Santa Clara",
    "Santa Fe Springs",
    "Santa Monica",
    "Santa Rosa",
    "Seal Beach",
    "Simi Valley",
    "South Lake Tahoe",
    "South San Francisco",
    "Temecula",
    "Thousand Oaks",
    "Torrance",
    "Tracy",
    "Van Nuys",
    "Victorville",
    "Visalia",
    "Vista"
  ],
  "MI": [
    "Ann Arbor",
    "Comstock Park",
    "Dearborn",
    "Detroit",
    "Gaylord",
    "Grand Rapids",
    "Hazel Park",
    "Holland",
    "Kalamazoo",
    "Lansing",
    "Muskegon",
    "Pontiac",
    "Portage",
    "Romulus",
    "Saginaw",
    "Sterling Heights",
    "Walker"
  ],
  "MD": [
    "Annapolis",
    "Baltimore",
    "Bowie",
    "District Heights",
    "Edgewood",
    "Hanover",
    "Landover",
    "Lanham",
    "Laurel",
    "Salisbury"
  ],
  "FL": [
    "Apopka",
    "Boca Raton",
    "Clearwater",
    "Deerfield Beach",
    "Fort Lauderdale",
    "Fort Myers",
    "Ft Lauderdale",
    "Gainesville",
    "Groveland",
    "Jacksonville",
    "Lakeland",
    "Melbourne",
    "Miami",
    "Naples",
    "Orlando",
    "Palm Bay",
    "Panama City",
    "Pensacola",
    "Port St. Lucie",
    "Punta Gorda",
    "Sanford",
    "Sarasota",
    "Seffner",
    "St. Petersburg",
    "Tallahassee",
    "Tampa",
    "Venice",
    "West Palm Beach"
  ],
  "VA": [
    "Arlington",
    "Charlottesville",
    "Dulles",
    "Fairfax",
    "Falls Church",
    "Fredericksburg",
    "Hampton",
    "Leesburg",
    "Manassas",
    "Newport News",
    "Norfolk",
    "Reston",
    "Richmond",
    "Roanoke",
    "Sterling",
    "Virginia Beach",
    "Waynesboro"
  ],
  "IL": [
    "Arlington Heights",
    "Aurora",
    "Bolingbrook",
    "Cherry Valley",
    "Chicago",
    "Des Plaines",
    "Downers Grove",
    "Fox River Grove",
    "Franklin Park",
    "Itasca",
    "Oak Lawn",
    "Palatine",
    "Park Ridge",
    "Schiller Park",
    "Skokie",
    "Urbana",
    "Wheeling"
  ],
  "MO": [
    "Ashland",
    "Blue Springs",
    "Hazelwood",
    "Joplin",
    "Kansas City",
    "O'fallon",
    "Riverside",
    "Springfield",
    "St Peters",
    "St. Louis",
    "St. Peters"
  ],
  "CO": [
    "Aurora",
    "Broomfield",
    "Centennial",
    "Colorado Springs",
    "Denver",
    "Englewood",
    "Johnstown"
  ],
  "WA": [
    "Bellevue",
    "Everett",
    "Kent",
    "Marysville",
    "Puyallup",
    "Renton",
    "Seatac",
    "Seattle",
    "Spokane",
    "Wenatchee",
    "Woodinville"
  ],
  "MA": [
    "Billerica",
    "Boston",
    "Cambridge",
    "Littleton",
    "Malden",
    "Marlborough",
    "Revere",
    "Salem",
    "Southborough",
    "Waltham",
    "Westwood",
    "Woburn",
    "Worcester"
  ],
  "AL": [
    "Birmingham",
    "Huntsville",
    "Irondale",
    "Mobile",
    "Theodore"
  ],
  "ND": [
    "Bismark",
    "Fargo"
  ],
  "TN": [
    "Blountville",
    "Chattanooga",
    "Johnson City",
    "Knoxville",
    "Lebanon",
    "Memphis",
    "Nashville",
    "Parsons",
    "Shelbyville"
  ],
  "SC": [
    "Blythewood",
    "Cameron",
    "Charleston",
    "Columbia",
    "Conway",
    "Greenville",
    "Greer",
    "Hanahan",
    "North Charleston"
  ],
  "ID": [
    "Boise",
    "Idaho Falls",
    "Pocatello",
    "Twin Falls"
  ],
  "CT": [
    "Bristol",
    "Danbury",
    "Orange",
    "South Windsor",
    "Wallingford",
    "West Haven",
    "Windsor Locks"
  ],
  "OH": [
    "Brooklyn",
    "Cincinnati",
    "Cleveland",
    "Columbus",
    "Dayton",
    "Findlay",
    "Lebanon",
    "Lockbourne",
    "Richmond Heights",
    "Toledo",
    "Twinsburg",
    "Vandalia",
    "Wilmington"
  ],
  "KY": [
    "Burlington",
    "Erlanger",
    "Florence",
    "Hebron",
    "La Grange",
    "Lexington",
    "London",
    "Louisville"
  ],
  "NC": [
    "Cary",
    "Chapel Hill",
    "Charlotte",
    "Concord",
    "Durham",
    "Fayetteville",
    "Fletcher",
    "Garner",
    "Greensboro",
    "Greenville",
    "Huntersville",
    "Kinston",
    "Lumberton",
    "Mills River",
    "Morrisville",
    "Pink Hill",
    "Raleigh",
    "Southern Pines",
    "Wilmington",
    "Winston-salem"
  ],
  "IA": [
    "Cedar Rapids",
    "Des Moines",
    "Iowa City",
    "Waterloo"
  ],
  "AZ": [
    "Chandler",
    "Glendale",
    "Mesa",
    "Phoenix",
    "Scottsdale",
    "Tempe",
    "Tolleson",
    "Tucson"
  ],
  "MN": [
    "Duluth",
    "Minneapolis",
    "Rochester",
    "St Cloud"
  ],
  "IN": [
    "Elkhart",
    "Evansville",
    "Fort Wayne",
    "Greenfield",
    "Greenwood",
    "Indianapolis",
    "South Bend",
    "Whiteland"
  ],
  "WI": [
    "Greenville",
    "Madison",
    "Menomonee Falls",
    "Milwaukee",
    "Wausau",
    "Wauwatosa",
    "West Allis"
  ],
  "NV": [
    "Henderson",
    "Las Vegas",
    "North Las Vegas",
    "Reno"
  ],
  "HI": [
    "Honolulu"
  ],
  "NH": [
    "Hooksett",
    "Londonderry",
    "Manchester"
  ],
  "KS": [
    "Independence",
    "Lenexa",
    "Overland Park",
    "Salina",
    "Shawnee",
    "Wichita"
  ],
  "MS": [
    "Jackson"
  ],
  "AR": [
    "Little Rock",
    "Lowell",
    "Rogers"
  ],
  "OK": [
    "Norman",
    "Oklahoma City",
    "Tulsa"
  ],
  "UT": [
    "North Salt Lake",
    "Salt Lake City",
    "St. George",
    "West Jordan"
  ],
  "NE": [
    "Omaha",
    "Papillion"
  ],
  "ME": [
    "Portland"
  ],
  "SD": [
    "Rapid City",
    "Sioux Falls"
  ],
  "DE": [
    "Seaford",
    "Wilmington"
  ],
  "VT": [
    "South Burlington"
  ],
  "RI": [
    "Warwick"
  ],
  "DC": [
    "Washington"
  ],
  "allCities": [
    "Albany",
    "Albuquerque",
    "Alexandria",
    "Allendale",
    "Allentown",
    "Aloha",
    "Alpharetta",
    "Altoona",
    "Amarillo",
    "Anaheim",
    "Ann Arbor",
    "Annapolis",
    "Apopka",
    "Arcadia",
    "Arlington",
    "Arlington Heights",
    "Ashland",
    "Athens",
    "Atlanta",
    "Augusta",
    "Aurora",
    "Austell",
    "Austin",
    "Azusa",
    "Bakersfield",
    "Balch Springs",
    "Baltimore",
    "Bath",
    "Baton Rouge",
    "Bedford",
    "Bellevue",
    "Bend",
    "Bethlehem",
    "Billerica",
    "Birmingham",
    "Bismark",
    "Bloomington",
    "Blountville",
    "Blue Springs",
    "Blythewood",
    "Boca Raton",
    "Boise",
    "Bolingbrook",
    "Boston",
    "Bowie",
    "Bristol",
    "Bronx",
    "Brooklyn",
    "Broomfield",
    "Buffalo",
    "Buford",
    "Burbank",
    "Burlington",
    "Cambridge",
    "Cameron",
    "Canyon Country",
    "Carlsbad",
    "Carlstadt",
    "Carteret",
    "Cary",
    "Cathedral City",
    "Cedar Rapids",
    "Centennial",
    "Chamblee",
    "Chandler",
    "Chapel Hill",
    "Charleston",
    "Charlotte",
    "Charlottesville",
    "Chattanooga",
    "Cherry Valley",
    "Chicago",
    "Chula Vista",
    "Cincinnati",
    "Clearwater",
    "Cleveland",
    "Clifton",
    "Cohoes",
    "Colorado Springs",
    "Columbia",
    "Columbus",
    "Comstock Park",
    "Concord",
    "Conklin",
    "Conroe",
    "Conway",
    "Coraopolis",
    "Corpus Christi",
    "Costa Mesa",
    "Covington",
    "Culver City",
    "Cumming",
    "Cypress",
    "Dallas",
    "Danbury",
    "Dayton",
    "Dearborn",
    "Deerfield Beach",
    "Denver",
    "Des Moines",
    "Des Plaines",
    "Detroit",
    "Dfw Airport",
    "District Heights",
    "Doraville",
    "Downers Grove",
    "Downey",
    "Dulles",
    "Duluth",
    "Durham",
    "East Syracuse",
    "Edgewood",
    "Edison",
    "El Paso",
    "Elizabethtown",
    "Elk Grove",
    "Elkhart",
    "Ellenwood",
    "Englewood",
    "Erlanger",
    "Escondido",
    "Eugene",
    "Evansville",
    "Everett",
    "Fairburn",
    "Fairfax",
    "Fairfield",
    "Falls Church",
    "Fargo",
    "Fayetteville",
    "Fieldsboro",
    "Findlay",
    "Fletcher",
    "Florence",
    "Flushing",
    "Forest Park",
    "Forney",
    "Fort Lauderdale",
    "Fort Myers",
    "Fort Wayne",
    "Fort Worth",
    "Fox River Grove",
    "Franklin Park",
    "Fredericksburg",
    "Fremont",
    "Fresno",
    "Ft Lauderdale",
    "Gainesville",
    "Garner",
    "Gaylord",
    "Glendale",
    "Grand Rapids",
    "Grapevine",
    "Greater Pittsburgh Area",
    "Greenfield",
    "Greensboro",
    "Greenville",
    "Greenwood",
    "Greer",
    "Groveland",
    "Hampton",
    "Hanahan",
    "Hanover",
    "Hapeville",
    "Harrisburg",
    "Hawkinsville",
    "Hawthorne",
    "Hazel Park",
    "Hazelwood",
    "Hazle Township",
    "Hebron",
    "Henderson",
    "Hillsboro",
    "Hoboken",
    "Holbrook",
    "Holland",
    "Honolulu",
    "Hooksett",
    "Houston",
    "Humble",
    "Huntersville",
    "Huntsville",
    "Idaho Falls",
    "Independence",
    "Indianapolis",
    "Iowa City",
    "Irondale",
    "Irvine",
    "Irving",
    "Irwindale",
    "Itasca",
    "Jackson",
    "Jacksonville",
    "Jamaica",
    "Johnson City",
    "Johnstown",
    "Joplin",
    "Kalamazoo",
    "Kansas City",
    "Katy",
    "Kearny",
    "Kenner",
    "Kent",
    "Kinston",
    "Knoxville",
    "La Grange",
    "La Jolla",
    "La Mirada",
    "Lafayette",
    "Lakeland",
    "Landover",
    "Lanham",
    "Lansing",
    "Las Vegas",
    "Laurel",
    "Lawrence",
    "Lawrenceville",
    "Lebanon",
    "Leesburg",
    "Lenexa",
    "Levittown",
    "Lewisville",
    "Lexington",
    "Linden",
    "Little Rock",
    "Littleton",
    "Livermore",
    "Liverpool",
    "Lockbourne",
    "Loma Linda",
    "London",
    "Londonderry",
    "Long Beach",
    "Los Angeles",
    "Los Gatos",
    "Louisville",
    "Lowell",
    "Lubbock",
    "Lumberton",
    "Macon",
    "Madison",
    "Malden",
    "Manassas",
    "Manchester",
    "Manhattan",
    "March Air Reserve Base",
    "Marietta",
    "Marlborough",
    "Marysville",
    "Medford",
    "Melbourne",
    "Memphis",
    "Menomonee Falls",
    "Mesa",
    "Miami",
    "Middletown",
    "Mills River",
    "Milwaukee",
    "Minneapolis",
    "Mobile",
    "Modesto",
    "Monterey",
    "Monterey Bay",
    "Montgomery",
    "Moon Township",
    "Morrisville",
    "Mount Joy",
    "Mountain View",
    "Murrieta",
    "Muskegon",
    "Naples",
    "Nashville",
    "New Hyde Park",
    "New Orleans",
    "New Windsor",
    "New York",
    "Newark",
    "Newnan",
    "Newport Beach",
    "Newport News",
    "Norfolk",
    "Norman",
    "Norristown",
    "North Charleston",
    "North Las Vegas",
    "North Salt Lake",
    "North Versailles",
    "North Versailles Township",
    "O'fallon",
    "Oak Lawn",
    "Oakland",
    "Odessa",
    "Oklahoma City",
    "Omaha",
    "Ontario",
    "Orange",
    "Orlando",
    "Overland Park",
    "Oxnard",
    "Palatine",
    "Palm Bay",
    "Palo Alto",
    "Panama City",
    "Papillion",
    "Paris",
    "Park Ridge",
    "Parsons",
    "Pasadena",
    "Paterson",
    "Paulsboro",
    "Pensacola",
    "Perth Amboy",
    "Philadelphia",
    "Phoenix",
    "Pink Hill",
    "Pittsburgh",
    "Plymouth Meeting",
    "Pocatello",
    "Pomona",
    "Pontiac",
    "Pooler",
    "Port St. Lucie",
    "Port Wentworth",
    "Portage",
    "Portland",
    "Poway",
    "Punta Gorda",
    "Puyallup",
    "Queens",
    "Raleigh",
    "Rapid City",
    "Redlands",
    "Redondo Beach",
    "Reno",
    "Rensselaer",
    "Renton",
    "Reston",
    "Revere",
    "Richardson",
    "Richmond",
    "Richmond Heights",
    "Rio Rancho",
    "Riverside",
    "Roanoke",
    "Rochester",
    "Rogers",
    "Romulus",
    "Roseville",
    "Round Rock",
    "Sacramento",
    "Saginaw",
    "Salem",
    "Salina",
    "Salinas",
    "Salisbury",
    "Salt Lake City",
    "San Antonio",
    "San Diego",
    "San Francisco",
    "San Jose",
    "San Leandro",
    "San Luis Obispo",
    "San Ramon",
    "Sanford",
    "Santa Ana",
    "Santa Barbara",
    "Santa Clara",
    "Santa Fe Springs",
    "Santa Monica",
    "Santa Rosa",
    "Sarasota",
    "Savannah",
    "Schiller Park",
    "Scottsdale",
    "Seaford",
    "Seal Beach",
    "Seatac",
    "Seattle",
    "Seffner",
    "Sewickley",
    "Shawnee",
    "Shelbyville",
    "Shreveport",
    "Simi Valley",
    "Sioux Falls",
    "Skokie",
    "Smyrna",
    "Snellville",
    "Somerset",
    "South Bend",
    "South Burlington",
    "South Lake Tahoe",
    "South San Francisco",
    "South Windsor",
    "Southborough",
    "Southern Pines",
    "Spokane",
    "Spring",
    "Springfield",
    "St Cloud",
    "St Peters",
    "St Rose",
    "St. George",
    "St. Louis",
    "St. Peters",
    "St. Petersburg",
    "Staten Island",
    "Sterling",
    "Sterling Heights",
    "Stony Brook",
    "Sulphur Springs",
    "Swedesboro",
    "Syracuse",
    "Tallahassee",
    "Tampa",
    "Temecula",
    "Tempe",
    "Temple",
    "Teterboro",
    "The Bronx",
    "Theodore",
    "Thousand Oaks",
    "Tifton",
    "Tinton Falls",
    "Toledo",
    "Tolleson",
    "Torrance",
    "Tracy",
    "Trenton",
    "Tualatin",
    "Tucson",
    "Tulsa",
    "Twin Falls",
    "Twinsburg",
    "Tyler",
    "Union City",
    "Urbana",
    "Valhalla",
    "Van Nuys",
    "Vandalia",
    "Venice",
    "Victorville",
    "Virginia Beach",
    "Visalia",
    "Vista",
    "Waco",
    "Walker",
    "Wallingford",
    "Waltham",
    "Warwick",
    "Washington",
    "Waterloo",
    "Wausau",
    "Wauwatosa",
    "Waynesboro",
    "Wenatchee",
    "West Allis",
    "West Haven",
    "West Henrietta",
    "West Jordan",
    "West Palm Beach",
    "Westhampton Beach",
    "Westwood",
    "Wheeling",
    "White Plains",
    "Whiteland",
    "Wichita",
    "Wilmington",
    "Windsor Locks",
    "Winston-salem",
    "Woburn",
    "Woodinville",
    "Woodside",
    "Worcester"
  ]
}